{"cameraMode":{"drawMode":0,"name":"Shaded","section":"Shading Mode"},"sceneLighting":true,"audioPlay":false,"sceneViewState":{"showFog":true,"showMaterialUpdate":false,"showSkybox":true,"showFlares":true,"showImageEffects":true,"showParticleSystems":true},"in2DMode":false,"pivot":{"x":44.088218688964847,"y":124.51563262939453,"z":-141.13186645507813},"rotation":{"x":0.1511121690273285,"y":-0.6934321522712708,"z":0.1524365246295929,"w":0.6879503726959229},"size":27.36577033996582,"orthographic":false}