{"cameraMode":{"drawMode":0,"name":"Shaded","section":"Shading Mode"},"sceneLighting":false,"audioPlay":false,"sceneViewState":{"showFog":true,"showMaterialUpdate":false,"showSkybox":false,"showFlares":true,"showImageEffects":true,"showParticleSystems":true},"in2DMode":false,"pivot":{"x":0.6977697610855103,"y":0.8215821385383606,"z":-0.2521340548992157},"rotation":{"x":-0.15614520013332368,"y":0.708927571773529,"z":-0.16587598621845246,"w":-0.6675870418548584},"size":0.9394845962524414,"orthographic":false}