{"cameraMode":{"drawMode":0,"name":"Shaded","section":"Shading Mode"},"sceneLighting":false,"audioPlay":false,"sceneViewState":{"showFog":true,"showMaterialUpdate":true,"showSkybox":true,"showFlares":true,"showImageEffects":true,"showParticleSystems":true},"in2DMode":false,"pivot":{"x":-3.120619297027588,"y":0.44603532552719118,"z":-7.0278849601745609},"rotation":{"x":-0.03782620280981064,"y":0.7338103652000427,"z":-0.040996380150318149,"w":-0.6770641803741455},"size":4.463538646697998,"orthographic":false}