{"cameraMode":{"drawMode":0,"name":"Shaded","section":"Shading Mode"},"sceneLighting":false,"audioPlay":false,"sceneViewState":{"showFog":true,"showMaterialUpdate":true,"showSkybox":false,"showFlares":true,"showImageEffects":true,"showParticleSystems":true},"in2DMode":false,"pivot":{"x":-0.3240990936756134,"y":0.362186074256897,"z":-0.11444896459579468},"rotation":{"x":-0.03782620280981064,"y":0.7338103652000427,"z":-0.040996380150318149,"w":-0.6770641803741455},"size":3.819244861602783,"orthographic":false}