{"cameraMode":{"drawMode":0,"name":"Shaded","section":"Shading Mode"},"sceneLighting":true,"audioPlay":false,"sceneViewState":{"showFog":true,"showMaterialUpdate":true,"showSkybox":true,"showFlares":true,"showImageEffects":true,"showParticleSystems":true},"in2DMode":false,"pivot":{"x":-1.300398588180542,"y":0.47116416692733767,"z":0.34225916862487795},"rotation":{"x":-0.03782620280981064,"y":0.7338103652000427,"z":-0.040996380150318149,"w":-0.6770641803741455},"size":22.0,"orthographic":false}