{"cameraMode":{"drawMode":0,"name":"Shaded","section":"Shading Mode"},"sceneLighting":true,"audioPlay":false,"sceneViewState":{"showFog":true,"showMaterialUpdate":true,"showSkybox":true,"showFlares":true,"showImageEffects":true,"showParticleSystems":true},"in2DMode":false,"pivot":{"x":-0.18610334396362306,"y":1.1051570177078248,"z":0.14177770912647248},"rotation":{"x":-0.1198539063334465,"y":0.7007206678390503,"z":-0.12123008072376251,"w":-0.692778468132019},"size":4.367446422576904,"orthographic":false}