{"cameraMode":{"drawMode":0,"name":"Shaded","section":"Shading Mode"},"sceneLighting":true,"audioPlay":false,"sceneViewState":{"showFog":true,"showMaterialUpdate":true,"showSkybox":true,"showFlares":true,"showImageEffects":true,"showParticleSystems":true},"in2DMode":false,"pivot":{"x":0.2770516872406006,"y":1.5641192197799683,"z":-0.9663124084472656},"rotation":{"x":-0.1905662566423416,"y":0.6750656962394714,"z":-0.18705719709396363,"w":-0.6877419948577881},"size":5.1284260749816898,"orthographic":false}