{"cameraMode":{"drawMode":0,"name":"Shaded","section":"Shading Mode"},"sceneLighting":true,"audioPlay":false,"sceneViewState":{"showFog":true,"showMaterialUpdate":true,"showSkybox":true,"showFlares":true,"showImageEffects":true,"showParticleSystems":true},"in2DMode":false,"pivot":{"x":-0.15168452262878419,"y":1.3469774723052979,"z":0.09674889594316483},"rotation":{"x":-0.07844983041286469,"y":0.7035785913467407,"z":-0.07864327728748322,"w":-0.7018939256668091},"size":4.667446613311768,"orthographic":false}