{"cameraMode":{"drawMode":0,"name":"Shaded","section":"Shading Mode"},"sceneLighting":true,"audioPlay":false,"sceneViewState":{"showFog":true,"showMaterialUpdate":true,"showSkybox":true,"showFlares":true,"showImageEffects":true,"showParticleSystems":true},"in2DMode":false,"pivot":{"x":0.31504297256469729,"y":1.535866379737854,"z":0.4910263419151306},"rotation":{"x":-0.153016597032547,"y":0.6802079081535339,"z":-0.1484069675207138,"w":-0.7013491988182068},"size":3.7564613819122316,"orthographic":false}