{"cameraMode":{"drawMode":0,"name":"Shaded","section":"Shading Mode"},"sceneLighting":false,"audioPlay":false,"sceneViewState":{"showFog":true,"showMaterialUpdate":true,"showSkybox":true,"showFlares":true,"showImageEffects":true,"showParticleSystems":true},"in2DMode":false,"pivot":{"x":-0.057769741863012317,"y":1.5998599529266358,"z":-0.0007615089416503906},"rotation":{"x":-0.1198539063334465,"y":0.7007206678390503,"z":-0.12123008072376251,"w":-0.692778468132019},"size":0.5715768337249756,"orthographic":false}