{"cameraMode":{"drawMode":0,"name":"Shaded","section":"Shading Mode"},"sceneLighting":true,"audioPlay":false,"sceneViewState":{"showFog":true,"showMaterialUpdate":true,"showSkybox":true,"showFlares":true,"showImageEffects":true,"showParticleSystems":true},"in2DMode":false,"pivot":{"x":-0.05776974558830261,"y":0.7499294877052307,"z":-0.0007615089416503906},"rotation":{"x":-0.1198539063334465,"y":0.7007206678390503,"z":-0.12123008072376251,"w":-0.692778468132019},"size":8.927077293395996,"orthographic":false}