{"cameraMode":{"drawMode":0,"name":"Shaded","section":"Shading Mode"},"sceneLighting":true,"audioPlay":false,"sceneViewState":{"showFog":true,"showMaterialUpdate":true,"showSkybox":true,"showFlares":true,"showImageEffects":true,"showParticleSystems":true},"in2DMode":false,"pivot":{"x":-0.05776974558830261,"y":0.7499294877052307,"z":-0.0007615089416503906},"rotation":{"x":-0.153016597032547,"y":0.6802079081535339,"z":-0.1484069675207138,"w":-0.7013491988182068},"size":8.927077293395996,"orthographic":false}