{"cameraMode":{"drawMode":0,"name":"Shaded","section":"Shading Mode"},"sceneLighting":false,"audioPlay":false,"sceneViewState":{"showFog":true,"showMaterialUpdate":true,"showSkybox":true,"showFlares":true,"showImageEffects":true,"showParticleSystems":true},"in2DMode":false,"pivot":{"x":0.00022745877504348755,"y":-2.086162567138672e-7,"z":0.12602132558822633},"rotation":{"x":-0.1905662566423416,"y":0.6750656962394714,"z":-0.18705719709396363,"w":-0.6877419948577881},"size":0.9167557954788208,"orthographic":false}