{"cameraMode":{"drawMode":0,"name":"Shaded","section":"Shading Mode"},"sceneLighting":true,"audioPlay":false,"sceneViewState":{"showFog":true,"showMaterialUpdate":true,"showSkybox":true,"showFlares":true,"showImageEffects":true,"showParticleSystems":true},"in2DMode":false,"pivot":{"x":-0.05776974558830261,"y":0.7499294877052307,"z":-0.0007615089416503906},"rotation":{"x":-0.060802485793828967,"y":0.7021803259849548,"z":-0.060403067618608478,"w":-0.7068310379981995},"size":8.927077293395996,"orthographic":false}