{"cameraMode":{"drawMode":0,"name":"Shaded","section":"Shading Mode"},"sceneLighting":true,"audioPlay":false,"sceneViewState":{"showFog":true,"showMaterialUpdate":true,"showSkybox":true,"showFlares":true,"showImageEffects":true,"showParticleSystems":true},"in2DMode":false,"pivot":{"x":0.6111894249916077,"y":1.5649369955062867,"z":-0.13499212265014649},"rotation":{"x":0.13734571635723115,"y":-0.6714061498641968,"z":0.1286468654870987,"w":0.7168276309967041},"size":0.6415742635726929,"orthographic":false}