{"cameraMode":{"drawMode":0,"name":"Shaded","section":"Shading Mode"},"sceneLighting":true,"audioPlay":false,"sceneViewState":{"showFog":true,"showMaterialUpdate":true,"showSkybox":true,"showFlares":true,"showImageEffects":true,"showParticleSystems":true},"in2DMode":false,"pivot":{"x":-0.05776974558830261,"y":0.7499294877052307,"z":-0.0007615089416503906},"rotation":{"x":-0.3272660970687866,"y":0.627363383769989,"z":-0.3280654847621918,"w":-0.6258673071861267},"size":22.989999771118165,"orthographic":false}