{"cameraMode":{"drawMode":0,"name":"Shaded","section":"Shading Mode"},"sceneLighting":true,"audioPlay":false,"sceneViewState":{"showFog":true,"showMaterialUpdate":true,"showSkybox":true,"showFlares":true,"showImageEffects":true,"showParticleSystems":true},"in2DMode":false,"pivot":{"x":0.5395570993423462,"y":1.8231085538864136,"z":0.02310231141746044},"rotation":{"x":-0.3272660970687866,"y":0.627363383769989,"z":-0.3280654847621918,"w":-0.6258673071861267},"size":1.3309664726257325,"orthographic":false}