{"cameraMode":{"drawMode":0,"name":"Shaded","section":"Shading Mode"},"sceneLighting":false,"audioPlay":false,"sceneViewState":{"showFog":true,"showMaterialUpdate":true,"showSkybox":true,"showFlares":true,"showImageEffects":true,"showParticleSystems":true},"in2DMode":false,"pivot":{"x":0.6977697610855103,"y":0.8208503127098084,"z":-0.24900001287460328},"rotation":{"x":-0.3272660970687866,"y":0.627363383769989,"z":-0.3280654847621918,"w":-0.6258673071861267},"size":0.8426603674888611,"orthographic":false}