{"cameraMode":{"drawMode":0,"name":"Shaded","section":"Shading Mode"},"sceneLighting":false,"audioPlay":false,"sceneViewState":{"showFog":true,"showMaterialUpdate":true,"showSkybox":true,"showFlares":true,"showImageEffects":true,"showParticleSystems":true},"in2DMode":false,"pivot":{"x":0.46399998664855959,"y":1.5469237565994263,"z":-0.6551862955093384},"rotation":{"x":-0.3272660970687866,"y":0.627363383769989,"z":-0.3280654847621918,"w":-0.6258673071861267},"size":1.1334960460662842,"orthographic":false}