{"cameraMode":{"drawMode":0,"name":"Shaded","section":"Shading Mode"},"sceneLighting":true,"audioPlay":false,"sceneViewState":{"showFog":true,"showMaterialUpdate":true,"showSkybox":true,"showFlares":true,"showImageEffects":true,"showParticleSystems":true},"in2DMode":false,"pivot":{"x":-0.3804590702056885,"y":0.9387669563293457,"z":-0.11136060953140259},"rotation":{"x":0.21264402568340302,"y":-0.723687469959259,"z":0.2542197108268738,"w":0.6053696274757385},"size":4.679516792297363,"orthographic":false}