{"cameraMode":{"drawMode":0,"name":"Shaded","section":"Shading Mode"},"sceneLighting":true,"audioPlay":false,"sceneViewState":{"showFog":true,"showMaterialUpdate":true,"showSkybox":true,"showFlares":true,"showImageEffects":true,"showParticleSystems":true},"in2DMode":false,"pivot":{"x":0.6310542821884155,"y":1.5366536378860474,"z":-0.45583006739616396},"rotation":{"x":0.1695355325937271,"y":-0.6895744204521179,"z":0.17117564380168916,"w":0.6829968094825745},"size":0.9119617342948914,"orthographic":false}