{"cameraMode":{"drawMode":0,"name":"Shaded","section":"Shading Mode"},"sceneLighting":true,"audioPlay":false,"sceneViewState":{"showFog":true,"showMaterialUpdate":false,"showSkybox":true,"showFlares":true,"showImageEffects":true,"showParticleSystems":true},"in2DMode":false,"pivot":{"x":96.07258605957031,"y":140.5651397705078,"z":-139.42266845703126},"rotation":{"x":-0.21251431107521058,"y":0.6735585927963257,"z":-0.21193243563175202,"w":-0.6755542159080505},"size":13.631178855895996,"orthographic":false}