{"cameraMode":{"drawMode":0,"name":"Shaded","section":"Shading Mode"},"sceneLighting":true,"audioPlay":false,"sceneViewState":{"showFog":true,"showMaterialUpdate":false,"showSkybox":true,"showFlares":true,"showImageEffects":true,"showParticleSystems":true},"in2DMode":false,"pivot":{"x":64.18907928466797,"y":109.15608978271485,"z":-141.96975708007813},"rotation":{"x":-0.2566106617450714,"y":0.662273108959198,"z":-0.25983959436416628,"w":-0.6543651223182678},"size":54.95714569091797,"orthographic":false}