{"cameraMode":{"drawMode":0,"name":"Shaded","section":"Shading Mode"},"sceneLighting":true,"audioPlay":false,"sceneViewState":{"showFog":true,"showMaterialUpdate":false,"showSkybox":true,"showFlares":true,"showImageEffects":true,"showParticleSystems":true},"in2DMode":false,"pivot":{"x":86.04740905761719,"y":138.23394775390626,"z":-138.83062744140626},"rotation":{"x":-0.1795351654291153,"y":0.687802255153656,"z":-0.18173596262931825,"w":-0.6795610785484314},"size":5.364902019500732,"orthographic":false}