{"cameraMode":{"drawMode":0,"name":"Shaded","section":"Shading Mode"},"sceneLighting":true,"audioPlay":false,"sceneViewState":{"showFog":true,"showMaterialUpdate":false,"showSkybox":true,"showFlares":true,"showImageEffects":true,"showParticleSystems":true},"in2DMode":false,"pivot":{"x":74.54345703125,"y":127.70294189453125,"z":-135.42425537109376},"rotation":{"x":-0.2787412703037262,"y":0.655380368232727,"z":-0.2847331464290619,"w":-0.6417462825775147},"size":40.70600128173828,"orthographic":false}