{"cameraMode":{"drawMode":0,"name":"Shaded","section":"Shading Mode"},"sceneLighting":false,"audioPlay":false,"sceneViewState":{"showFog":true,"showMaterialUpdate":false,"showSkybox":false,"showFlares":true,"showImageEffects":true,"showParticleSystems":true},"in2DMode":false,"pivot":{"x":0.44019874930381777,"y":1.8700323104858399,"z":0.02271232008934021},"rotation":{"x":0.04673276096582413,"y":-0.7081184983253479,"z":0.04697456955909729,"w":0.7030210494995117},"size":1.3329353332519532,"orthographic":false}