{"cameraMode":{"drawMode":0,"name":"Shaded","section":"Shading Mode"},"sceneLighting":false,"audioPlay":false,"sceneViewState":{"showFog":true,"showMaterialUpdate":false,"showSkybox":false,"showFlares":true,"showImageEffects":true,"showParticleSystems":true},"in2DMode":false,"pivot":{"x":-0.5122417211532593,"y":-0.04922565817832947,"z":0.5385802388191223},"rotation":{"x":-0.24621663987636567,"y":0.33638519048690798,"z":-0.09157263487577439,"w":-0.9043617248535156},"size":0.913799524307251,"orthographic":false}