{"cameraMode":{"drawMode":0,"name":"Shaded","section":"Shading Mode"},"sceneLighting":false,"audioPlay":false,"sceneViewState":{"showFog":true,"showMaterialUpdate":false,"showSkybox":false,"showFlares":true,"showImageEffects":true,"showParticleSystems":true},"in2DMode":false,"pivot":{"x":0.6000000238418579,"y":0.7912212610244751,"z":0.031892091035842898},"rotation":{"x":0.28873947262763979,"y":-0.629906177520752,"z":0.2726037800312042,"w":0.6676311492919922},"size":0.6860758066177368,"orthographic":false}