{"cameraMode":{"drawMode":0,"name":"Shaded","section":"Shading Mode"},"sceneLighting":true,"audioPlay":false,"sceneViewState":{"showFog":true,"showMaterialUpdate":false,"showSkybox":true,"showFlares":true,"showImageEffects":true,"showParticleSystems":true},"in2DMode":false,"pivot":{"x":80.43682861328125,"y":131.47238159179688,"z":-140.0803985595703},"rotation":{"x":-0.13392047584056855,"y":0.7052903771400452,"z":-0.1384332925081253,"w":-0.682350754737854},"size":13.150879859924317,"orthographic":false}