{"cameraMode":{"drawMode":0,"name":"Shaded","section":"Shading Mode"},"sceneLighting":false,"audioPlay":false,"sceneViewState":{"showFog":true,"showMaterialUpdate":false,"showSkybox":false,"showFlares":true,"showImageEffects":true,"showParticleSystems":true},"in2DMode":false,"pivot":{"x":0.676673412322998,"y":0.5227146148681641,"z":0.31903985142707827},"rotation":{"x":-0.20667476952075959,"y":0.6862524747848511,"z":-0.21366512775421143,"w":-0.6639444828033447},"size":0.43438440561294558,"orthographic":false}