{"cameraMode":{"drawMode":0,"name":"Shaded","section":"Shading Mode"},"sceneLighting":true,"audioPlay":false,"sceneViewState":{"showFog":true,"showMaterialUpdate":false,"showSkybox":true,"showFlares":true,"showImageEffects":true,"showParticleSystems":true},"in2DMode":false,"pivot":{"x":-0.8537932634353638,"y":1.7779732942581177,"z":0.25708726048469546},"rotation":{"x":-0.2030717134475708,"y":0.66803377866745,"z":-0.19696921110153199,"w":-0.6883220672607422},"size":3.029973030090332,"orthographic":false}