{"cameraMode":{"drawMode":0,"name":"Shaded","section":"Shading Mode"},"sceneLighting":true,"audioPlay":false,"sceneViewState":{"showFog":true,"showMaterialUpdate":false,"showSkybox":true,"showFlares":true,"showImageEffects":true,"showParticleSystems":true},"in2DMode":false,"pivot":{"x":87.08504486083985,"y":127.25704956054688,"z":-159.6376953125},"rotation":{"x":0.1774509847164154,"y":0.8030425310134888,"z":-0.2915804088115692,"w":0.48862841725349429},"size":10.801620483398438,"orthographic":false}