{"cameraMode":{"drawMode":0,"name":"Shaded","section":"Shading Mode"},"sceneLighting":true,"audioPlay":false,"sceneViewState":{"showFog":true,"showMaterialUpdate":false,"showSkybox":true,"showFlares":true,"showImageEffects":true,"showParticleSystems":true},"in2DMode":false,"pivot":{"x":-1.0833802223205567,"y":0.9923443794250488,"z":-0.34472328424453738},"rotation":{"x":-0.08924476057291031,"y":0.7366542816162109,"z":-0.09917358309030533,"w":-0.6630687117576599},"size":4.714803695678711,"orthographic":false}