{"cameraMode":{"drawMode":0,"name":"Shaded","section":"Shading Mode"},"sceneLighting":true,"audioPlay":false,"sceneViewState":{"showFog":true,"showMaterialUpdate":false,"showSkybox":true,"showFlares":true,"showImageEffects":true,"showParticleSystems":true},"in2DMode":false,"pivot":{"x":62.06474304199219,"y":129.37257385253907,"z":-143.28204345703126},"rotation":{"x":0.2159496545791626,"y":-0.671223521232605,"z":0.21457219123840333,"w":0.6760009527206421},"size":2.5460205078125,"orthographic":false}