{"cameraMode":{"drawMode":0,"name":"Shaded","section":"Shading Mode"},"sceneLighting":false,"audioPlay":false,"sceneViewState":{"showFog":true,"showMaterialUpdate":false,"showSkybox":false,"showFlares":true,"showImageEffects":true,"showParticleSystems":true},"in2DMode":false,"pivot":{"x":-0.3074800670146942,"y":0.03789740800857544,"z":0.6556669473648071},"rotation":{"x":-0.16830787062644959,"y":0.45262300968170168,"z":-0.08741798996925354,"w":-0.8713185787200928},"size":0.7615593075752258,"orthographic":false}