{"cameraMode":{"drawMode":0,"name":"Shaded","section":"Shading Mode"},"sceneLighting":true,"audioPlay":false,"sceneViewState":{"showFog":true,"showMaterialUpdate":false,"showSkybox":true,"showFlares":true,"showImageEffects":true,"showParticleSystems":true},"in2DMode":false,"pivot":{"x":1.3554012775421143,"y":1.773091435432434,"z":0.09687117487192154},"rotation":{"x":-0.16464410722255708,"y":0.6857694983482361,"z":-0.16371065378189088,"w":-0.6898740530014038},"size":2.825791358947754,"orthographic":false}