{"cameraMode":{"drawMode":0,"name":"Shaded","section":"Shading Mode"},"sceneLighting":true,"audioPlay":false,"sceneViewState":{"showFog":true,"showMaterialUpdate":false,"showSkybox":true,"showFlares":true,"showImageEffects":true,"showParticleSystems":true},"in2DMode":false,"pivot":{"x":0.8333559036254883,"y":1.5413634777069092,"z":0.015594273805618286},"rotation":{"x":-0.24816301465034486,"y":0.6711985468864441,"z":-0.2563277781009674,"w":-0.6497918963432312},"size":3.406397819519043,"orthographic":false}