{"cameraMode":{"drawMode":0,"name":"Shaded","section":"Shading Mode"},"sceneLighting":true,"audioPlay":false,"sceneViewState":{"showFog":true,"showMaterialUpdate":false,"showSkybox":true,"showFlares":true,"showImageEffects":true,"showParticleSystems":true},"in2DMode":false,"pivot":{"x":82.20083618164063,"y":115.44373321533203,"z":-141.45510864257813},"rotation":{"x":-0.18147073686122895,"y":0.6689482927322388,"z":-0.173566073179245,"w":-0.6997198462486267},"size":24.377065658569337,"orthographic":false}