{"cameraMode":{"drawMode":0,"name":"Shaded","section":"Shading Mode"},"sceneLighting":true,"audioPlay":false,"sceneViewState":{"showFog":true,"showMaterialUpdate":false,"showSkybox":true,"showFlares":true,"showImageEffects":true,"showParticleSystems":true},"in2DMode":false,"pivot":{"x":-28.4615478515625,"y":114.37631225585938,"z":-121.63703155517578},"rotation":{"x":-0.0490957573056221,"y":0.6873475909233093,"z":-0.046702999621629718,"w":-0.7232744693756104},"size":145.62744140625,"orthographic":false}