{"cameraMode":{"drawMode":0,"name":"Shaded","section":"Shading Mode"},"sceneLighting":false,"audioPlay":false,"sceneViewState":{"showFog":true,"showMaterialUpdate":false,"showSkybox":false,"showFlares":true,"showImageEffects":true,"showParticleSystems":true},"in2DMode":false,"pivot":{"x":0.7131500244140625,"y":0.9018949866294861,"z":0.08565002679824829},"rotation":{"x":-0.2291557788848877,"y":0.7205544114112854,"z":-0.2789381444454193,"w":-0.5921411514282227},"size":0.8995184302330017,"orthographic":false}