{"cameraMode":{"drawMode":0,"name":"Shaded","section":"Shading Mode"},"sceneLighting":true,"audioPlay":false,"sceneViewState":{"showFog":true,"showMaterialUpdate":false,"showSkybox":true,"showFlares":true,"showImageEffects":true,"showParticleSystems":true},"in2DMode":false,"pivot":{"x":0.23276901245117188,"y":1.18165922164917,"z":0.026407191529870034},"rotation":{"x":-0.21460890769958497,"y":0.6729220747947693,"z":-0.21387431025505067,"w":-0.6748847961425781},"size":2.0782182216644289,"orthographic":false}