{"cameraMode":{"drawMode":0,"name":"Shaded","section":"Shading Mode"},"sceneLighting":false,"audioPlay":false,"sceneViewState":{"showFog":true,"showMaterialUpdate":false,"showSkybox":false,"showFlares":true,"showImageEffects":true,"showParticleSystems":true},"in2DMode":false,"pivot":{"x":-0.6563301086425781,"y":0.006084874272346497,"z":0.36011120676994326},"rotation":{"x":-0.16309840977191926,"y":0.6291243433952332,"z":-0.13725098967552186,"w":-0.7475271821022034},"size":0.4621274769306183,"orthographic":false}