{"cameraMode":{"drawMode":0,"name":"Shaded","section":"Shading Mode"},"sceneLighting":false,"audioPlay":false,"sceneViewState":{"showFog":true,"showMaterialUpdate":false,"showSkybox":false,"showFlares":true,"showImageEffects":true,"showParticleSystems":true},"in2DMode":false,"pivot":{"x":1.451050043106079,"y":0.8935700058937073,"z":-0.163659930229187},"rotation":{"x":-0.15614520013332368,"y":0.708927571773529,"z":-0.16587598621845246,"w":-0.6675870418548584},"size":0.8004176616668701,"orthographic":false}