{
    "validationData": {
        "participantNr": 1,
        "ValidationTrial": 1,
        "block": 1,
        "ValidationPointIdx": 4,
        "UnixTimestamp": 1582037723.3068259,
        "Timestamp": 56.884254455566409,
        "HeadTransform": {
            "instanceID": -1302
        },
        "PointToFocus": {
            "x": 47.50191879272461,
            "y": 140.51866149902345,
            "z": -138.71693420410157
        },
        "LeftEyeAngleOffset": {
            "x": 0.48235681653022768,
            "y": 1.7759569883346558,
            "z": 359.0729064941406
        },
        "RightEyeAngleOffset": {
            "x": 359.77020263671877,
            "y": 359.53375244140627,
            "z": 359.083984375
        },
        "CombinedEyeAngleOffset": {
            "x": 0.10637164115905762,
            "y": 0.5923113822937012,
            "z": 359.0754089355469
        },
        "ValidationResults": {
            "x": 0.1365516483783722,
            "y": 0.5664305090904236,
            "z": 0.39318618178367617
        }
    }
}
