{"cameraMode":{"drawMode":0,"name":"Shaded","section":"Shading Mode"},"sceneLighting":true,"audioPlay":false,"sceneViewState":{"showFog":true,"showMaterialUpdate":true,"showSkybox":true,"showFlares":true,"showImageEffects":true,"showParticleSystems":true},"in2DMode":false,"pivot":{"x":-1.300398588180542,"y":0.47116416692733767,"z":0.34225916862487795},"rotation":{"x":-0.01460827887058258,"y":0.9826479554176331,"z":-0.16242288053035737,"w":-0.08838003128767014},"size":22.0,"orthographic":false}